code,created_datetime,product_name,countries_en,pnns_groups_2,states,energy-kcal_100g,energy_100g,fat_100g,saturated-fat_100g,carbohydrates_100g,sugars_100g,proteins_100g,salt_100g,sodium_100g
225,2021-06-16T14:53:28Z,jeunes pousses,France,unknown,"en:to-be-completed, en:nutrition-facts-to-be-completed, en:ingredients-to-be-completed, en:expiration-date-to-be-completed, en:packaging-code-to-be-completed, en:characteristics-to-be-completed, en:origins-to-be-completed, en:categories-to-be-completed, en:brands-completed, en:packaging-to-be-completed, en:quantity-to-be-completed, en:product-name-completed, en:photos-to-be-uploaded",,,,,,,,,
207025004,2022-07-04T15:30:10Z,Andrè,Germany,unknown,"en:to-be-completed, en:nutrition-facts-completed, en:ingredients-to-be-completed, en:expiration-date-to-be-completed, en:packaging-code-to-be-completed, en:characteristics-to-be-completed, en:origins-to-be-completed, en:categories-to-be-completed, en:brands-to-be-completed, en:packaging-to-be-completed, en:quantity-to-be-completed, en:product-name-completed, en:photos-to-be-validated, en:packaging-photo-to-be-selected, en:nutrition-photo-selected, en:ingredients-photo-to-be-selected, en:front-photo-to-be-selected, en:photos-uploaded",165.0,690.0,2.0,2.0,65.0,12.6,1.5,,
3429145,2021-09-01T08:11:51Z,L.casei,Spain,unknown,"en:to-be-completed, en:nutrition-facts-completed, en:ingredients-completed, en:expiration-date-to-be-completed, en:packaging-code-to-be-completed, en:characteristics-to-be-completed, en:origins-completed, en:categories-to-be-completed, en:brands-to-be-completed, en:packaging-to-be-completed, en:quantity-to-be-completed, en:product-name-completed, en:photos-to-be-validated, en:packaging-photo-to-be-selected, en:nutrition-photo-selected, en:ingredients-photo-selected, en:front-photo-selected, en:photos-uploaded",,,1.4,0.9,9.8,9.8,2.7,0.1,0.04
26772226,2022-06-03T09:58:31Z,Skyr,France,Dairy desserts,"en:to-be-completed, en:nutrition-facts-completed, en:ingredients-to-be-completed, en:expiration-date-to-be-completed, en:packaging-code-to-be-completed, en:characteristics-to-be-completed, en:origins-to-be-completed, en:categories-completed, en:brands-completed, en:packaging-to-be-completed, en:quantity-completed, en:product-name-completed, en:photos-to-be-validated, en:packaging-photo-to-be-selected, en:nutrition-photo-selected, en:ingredients-photo-to-be-selected, en:front-photo-selected, en:photos-uploaded",57.0,238.0,0.2,0.1,3.9,3.9,10.0,0.09,0.036
17,2018-06-15T10:38:00Z,Vitória crackers,France,unknown,"en:to-be-completed, en:nutrition-facts-completed, en:ingredients-to-be-completed, en:expiration-date-to-be-completed, en:packaging-code-to-be-completed, en:characteristics-to-be-completed, en:origins-to-be-completed, en:categories-to-be-completed, en:brands-to-be-completed, en:packaging-to-be-completed, en:quantity-to-be-completed, en:product-name-completed, en:photos-to-be-validated, en:packaging-photo-to-be-selected, en:nutrition-photo-to-be-selected, en:ingredients-photo-selected, en:front-photo-selected, en:photos-uploaded",375.0,1569.0,7.0,3.08,70.1,15.0,7.8,1.4,0.56
31,2018-10-13T21:06:14Z,Cacao,France,unknown,"en:to-be-completed, en:nutrition-facts-to-be-completed, en:ingredients-to-be-completed, en:expiration-date-to-be-completed, en:packaging-code-to-be-completed, en:characteristics-to-be-completed, en:origins-to-be-completed, en:categories-to-be-completed, en:brands-to-be-completed, en:packaging-to-be-completed, en:quantity-completed, en:product-name-completed, en:photos-to-be-validated, en:packaging-photo-to-be-selected, en:nutrition-photo-to-be-selected, en:ingredients-photo-to-be-selected, en:front-photo-selected, en:photos-uploaded",,,,,,,,,
3327986,2019-11-19T15:02:16Z,Filetes de pollo empanado,Spain,unknown,"en:to-be-completed, en:nutrition-facts-completed, en:ingredients-to-be-completed, en:expiration-date-to-be-completed, en:packaging-code-to-be-completed, en:characteristics-to-be-completed, en:origins-to-be-completed, en:categories-to-be-completed, en:brands-to-be-completed, en:packaging-to-be-completed, en:quantity-to-be-completed, en:product-name-completed, en:photos-to-be-validated, en:packaging-photo-to-be-selected, en:nutrition-photo-selected, en:ingredients-photo-to-be-selected, en:front-photo-selected, en:photos-uploaded",163.9,685.8,1.9,1.0,,,15.3,1.1,0.44
4128579,2022-04-08T20:20:51Z,Burger Meat Pollo,Spain,unknown,"en:to-be-completed, en:nutrition-facts-completed, en:ingredients-to-be-completed, en:expiration-date-completed, en:packaging-code-to-be-completed, en:characteristics-to-be-completed, en:origins-to-be-completed, en:categories-to-be-completed, en:brands-to-be-completed, en:packaging-to-be-completed, en:quantity-to-be-completed, en:product-name-completed, en:photos-to-be-validated, en:packaging-photo-to-be-selected, en:nutrition-photo-selected, en:ingredients-photo-to-be-selected, en:front-photo-selected, en:photos-uploaded",194.0,812.0,11.0,3.9,5.7,0.05,18.0,,
4622327,2021-04-27T05:38:15Z,Hamburguesas de ternera 100%,Spain,unknown,"en:to-be-completed, en:nutrition-facts-completed, en:ingredients-to-be-completed, en:expiration-date-to-be-completed, en:packaging-code-to-be-completed, en:characteristics-to-be-completed, en:origins-to-be-completed, en:categories-to-be-completed, en:brands-to-be-completed, en:packaging-to-be-completed, en:quantity-to-be-completed, en:product-name-completed, en:photos-to-be-validated, en:packaging-photo-to-be-selected, en:nutrition-photo-selected, en:ingredients-photo-to-be-selected, en:front-photo-selected, en:photos-uploaded",874.9,3661.0,15.1,6.1,2.6,1.0,15.7,2.1,0.84
6021,2023-01-11T23:00:17Z,Blueberry Cobbler Coffee,United States,unknown,"en:to-be-completed, en:nutrition-facts-completed, en:ingredients-to-be-completed, en:expiration-date-to-be-completed, en:packaging-code-to-be-completed, en:characteristics-to-be-completed, en:origins-to-be-completed, en:categories-to-be-completed, en:brands-to-be-completed, en:packaging-to-be-completed, en:quantity-to-be-completed, en:product-name-completed, en:photos-to-be-validated, en:packaging-photo-to-be-selected, en:nutrition-photo-selected, en:ingredients-photo-to-be-selected, en:front-photo-selected, en:photos-uploaded",0.0,0.0,0.0,0.0,0.0,0.0,0.0,0.0,0.0
1,2021-10-20T15:57:36Z,hyde icon,United States,unknown,"en:to-be-completed, en:nutrition-facts-completed, en:ingredients-completed, en:expiration-date-to-be-completed, en:packaging-code-to-be-completed, en:characteristics-to-be-completed, en:origins-to-be-completed, en:categories-to-be-completed, en:brands-to-be-completed, en:packaging-to-be-completed, en:quantity-to-be-completed, en:product-name-completed, en:photos-to-be-uploaded",,,,,,,,,
100,2015-10-11T14:09:21Z, moutarde au moût de raisin ,France,Dressings and sauces,"en:to-be-completed, en:nutrition-facts-completed, en:ingredients-completed, en:expiration-date-completed, en:packaging-code-to-be-completed, en:characteristics-to-be-completed, en:origins-to-be-completed, en:categories-completed, en:brands-completed, en:packaging-to-be-completed, en:quantity-completed, en:product-name-completed, en:photos-to-be-validated, en:packaging-photo-to-be-selected, en:nutrition-photo-to-be-selected, en:ingredients-photo-to-be-selected, en:front-photo-selected, en:photos-uploaded",,936.0,8.2,2.2,29.0,22.0,5.1,4.6,1.84
123,2018-08-31T17:53:02Z,Sauce Sweety chili 0%,France,unknown,"en:to-be-completed, en:nutrition-facts-completed, en:ingredients-to-be-completed, en:expiration-date-to-be-completed, en:packaging-code-to-be-completed, en:characteristics-to-be-completed, en:origins-to-be-completed, en:categories-to-be-completed, en:brands-to-be-completed, en:packaging-to-be-completed, en:quantity-to-be-completed, en:product-name-completed, en:photos-to-be-validated, en:packaging-photo-to-be-selected, en:nutrition-photo-to-be-selected, en:ingredients-photo-selected, en:front-photo-selected, en:photos-uploaded",21.0,88.0,0.0,0.0,4.8,0.4,0.2,2.04,0.816
178,2018-11-17T12:05:32Z,Mini coco,France,unknown,"en:to-be-completed, en:nutrition-facts-completed, en:ingredients-to-be-completed, en:expiration-date-to-be-completed, en:packaging-code-to-be-completed, en:characteristics-to-be-completed, en:origins-to-be-completed, en:categories-to-be-completed, en:brands-to-be-completed, en:packaging-to-be-completed, en:quantity-to-be-completed, en:product-name-completed, en:photos-to-be-validated, en:packaging-photo-to-be-selected, en:nutrition-photo-to-be-selected, en:ingredients-photo-selected, en:front-photo-selected, en:photos-uploaded",60.0,251.0,3.0,1.0,10.0,3.0,2.0,1.15,0.46
208,2018-12-07T18:34:40Z,Pistou d'ail des ours,France,unknown,"en:to-be-completed, en:nutrition-facts-to-be-completed, en:ingredients-to-be-completed, en:expiration-date-to-be-completed, en:packaging-code-to-be-completed, en:characteristics-to-be-completed, en:origins-to-be-completed, en:categories-to-be-completed, en:brands-to-be-completed, en:packaging-to-be-completed, en:quantity-to-be-completed, en:product-name-completed, en:photos-to-be-validated, en:packaging-photo-to-be-selected, en:nutrition-photo-to-be-selected, en:ingredients-photo-selected, en:front-photo-selected, en:photos-uploaded",,,,,,,,,
284,2019-01-10T11:37:25Z,Pain maïs,France,unknown,"en:to-be-completed, en:nutrition-facts-to-be-completed, en:ingredients-to-be-completed, en:expiration-date-to-be-completed, en:packaging-code-to-be-completed, en:characteristics-to-be-completed, en:origins-to-be-completed, en:categories-to-be-completed, en:brands-to-be-completed, en:packaging-to-be-completed, en:quantity-to-be-completed, en:product-name-completed, en:photos-to-be-validated, en:packaging-photo-to-be-selected, en:nutrition-photo-to-be-selected, en:ingredients-photo-selected, en:front-photo-selected, en:photos-uploaded",,,,,,,,,
291,2018-08-14T09:41:09Z,Mendiants,France,unknown,"en:to-be-completed, en:nutrition-facts-to-be-completed, en:ingredients-to-be-completed, en:expiration-date-to-be-completed, en:packaging-code-to-be-completed, en:characteristics-to-be-completed, en:origins-to-be-completed, en:categories-to-be-completed, en:brands-to-be-completed, en:packaging-to-be-completed, en:quantity-to-be-completed, en:product-name-completed, en:photos-to-be-validated, en:packaging-photo-to-be-selected, en:nutrition-photo-to-be-selected, en:ingredients-photo-selected, en:front-photo-selected, en:photos-uploaded",,,,,,,,,
54,2020-02-24T18:30:31Z,Limonade artisanale a la rose,France,unknown,"en:to-be-completed, en:nutrition-facts-to-be-completed, en:ingredients-to-be-completed, en:expiration-date-to-be-completed, en:packaging-code-to-be-completed, en:characteristics-to-be-completed, en:origins-to-be-completed, en:categories-to-be-completed, en:brands-to-be-completed, en:packaging-to-be-completed, en:quantity-to-be-completed, en:product-name-completed, en:photos-to-be-validated, en:packaging-photo-to-be-selected, en:nutrition-photo-to-be-selected, en:ingredients-photo-to-be-selected, en:front-photo-selected, en:photos-uploaded",,,,,,,,,
63,2023-01-13T14:31:47Z,Tablette Tanzanie,France,unknown,"en:to-be-completed, en:nutrition-facts-to-be-completed, en:ingredients-to-be-completed, en:expiration-date-to-be-completed, en:packaging-code-to-be-completed, en:characteristics-to-be-completed, en:origins-to-be-completed, en:categories-to-be-completed, en:brands-to-be-completed, en:packaging-to-be-completed, en:quantity-to-be-completed, en:product-name-completed, en:photos-to-be-validated, en:packaging-photo-to-be-selected, en:nutrition-photo-to-be-selected, en:ingredients-photo-to-be-selected, en:front-photo-selected, en:photos-uploaded",,,,,,,,,
75,2019-12-26T11:06:07Z,Sachet calisson,France,unknown,"en:to-be-completed, en:nutrition-facts-completed, en:ingredients-to-be-completed, en:expiration-date-to-be-completed, en:packaging-code-to-be-completed, en:characteristics-to-be-completed, en:origins-to-be-completed, en:categories-to-be-completed, en:brands-to-be-completed, en:packaging-to-be-completed, en:quantity-to-be-completed, en:product-name-completed, en:photos-to-be-validated, en:packaging-photo-to-be-selected, en:nutrition-photo-to-be-selected, en:ingredients-photo-to-be-selected, en:front-photo-selected, en:photos-uploaded",,,,,,,,0.0,0.0
80,2021-02-04T14:07:43Z,Pur jus de pomme,France,Fruit juices,"en:to-be-completed, en:nutrition-facts-completed, en:ingredients-to-be-completed, en:expiration-date-to-be-completed, en:packaging-code-to-be-completed, en:characteristics-to-be-completed, en:origins-to-be-completed, en:categories-completed, en:brands-to-be-completed, en:packaging-to-be-completed, en:quantity-to-be-completed, en:product-name-completed, en:photos-to-be-validated, en:packaging-photo-to-be-selected, en:nutrition-photo-selected, en:ingredients-photo-to-be-selected, en:front-photo-selected, en:photos-uploaded",63.0,264.0,0.0,0.0,15.5,15.5,0.2,0.0,0.0
88,2019-12-26T11:03:42Z,Pate d'amande,France,Sweets,"en:to-be-completed, en:nutrition-facts-completed, en:ingredients-to-be-completed, en:expiration-date-to-be-completed, en:packaging-code-to-be-completed, en:characteristics-to-be-completed, en:origins-to-be-completed, en:categories-completed, en:brands-to-be-completed, en:packaging-to-be-completed, en:quantity-to-be-completed, en:product-name-completed, en:photos-to-be-validated, en:packaging-photo-to-be-selected, en:nutrition-photo-selected, en:ingredients-photo-to-be-selected, en:front-photo-selected, en:photos-uploaded",,,,,,,,0.0,0.0
94,2023-04-09T14:24:25Z,Chocolats,France,unknown,"en:to-be-completed, en:nutrition-facts-to-be-completed, en:ingredients-to-be-completed, en:expiration-date-to-be-completed, en:packaging-code-to-be-completed, en:characteristics-to-be-completed, en:origins-to-be-completed, en:categories-to-be-completed, en:brands-to-be-completed, en:packaging-to-be-completed, en:quantity-to-be-completed, en:product-name-completed, en:photos-to-be-validated, en:packaging-photo-to-be-selected, en:nutrition-photo-to-be-selected, en:ingredients-photo-to-be-selected, en:front-photo-selected, en:photos-uploaded",,,,,,,,,
949,2018-04-11T10:00:13Z,Salade de carottes râpées,France,One-dish meals,"en:to-be-completed, en:nutrition-facts-completed, en:ingredients-to-be-completed, en:expiration-date-to-be-completed, en:packaging-code-to-be-completed, en:characteristics-to-be-completed, en:origins-to-be-completed, en:categories-completed, en:brands-to-be-completed, en:packaging-to-be-completed, en:quantity-to-be-completed, en:product-name-completed, en:photos-to-be-validated, en:packaging-photo-to-be-selected, en:nutrition-photo-to-be-selected, en:ingredients-photo-selected, en:front-photo-selected, en:photos-uploaded",32.0,134.0,0.3,0.1,5.3,3.9,0.9,0.42,0.168
970,2018-03-08T10:52:48Z,Fromage blanc aux myrtilles,France,unknown,"en:to-be-completed, en:nutrition-facts-completed, en:ingredients-to-be-completed, en:expiration-date-to-be-completed, en:packaging-code-to-be-completed, en:characteristics-to-be-completed, en:origins-to-be-completed, en:categories-to-be-completed, en:brands-to-be-completed, en:packaging-to-be-completed, en:quantity-to-be-completed, en:product-name-completed, en:photos-to-be-validated, en:packaging-photo-to-be-selected, en:nutrition-photo-to-be-selected, en:ingredients-photo-selected, en:front-photo-selected, en:photos-uploaded",129.0,540.0,4.9,3.1,16.3,16.3,4.4,0.25,0.1
1001,2018-09-24T05:20:16Z,,France,unknown,"en:to-be-completed, en:nutrition-facts-to-be-completed, en:ingredients-to-be-completed, en:expiration-date-to-be-completed, en:packaging-code-to-be-completed, en:characteristics-to-be-completed, en:origins-to-be-completed, en:categories-to-be-completed, en:brands-to-be-completed, en:packaging-to-be-completed, en:quantity-to-be-completed, en:product-name-to-be-completed, en:photos-to-be-validated, en:packaging-photo-to-be-selected, en:nutrition-photo-to-be-selected, en:ingredients-photo-to-be-selected, en:front-photo-to-be-selected, en:photos-uploaded",,,,,,,,,
1007,2018-09-28T09:39:23Z,Vainilla,France,unknown,"en:to-be-completed, en:nutrition-facts-to-be-completed, en:ingredients-to-be-completed, en:expiration-date-to-be-completed, en:packaging-code-to-be-completed, en:characteristics-to-be-completed, en:origins-to-be-completed, en:categories-to-be-completed, en:brands-to-be-completed, en:packaging-to-be-completed, en:quantity-to-be-completed, en:product-name-completed, en:photos-to-be-validated, en:packaging-photo-to-be-selected, en:nutrition-photo-to-be-selected, en:ingredients-photo-selected, en:front-photo-selected, en:photos-uploaded",,,,,,,,,
112,2021-02-11T19:20:07Z,Iogurt de cabra,Spain,unknown,"en:to-be-completed, en:nutrition-facts-completed, en:ingredients-to-be-completed, en:expiration-date-to-be-completed, en:packaging-code-to-be-completed, en:characteristics-to-be-completed, en:origins-to-be-completed, en:categories-to-be-completed, en:brands-completed, en:packaging-to-be-completed, en:quantity-to-be-completed, en:product-name-completed, en:photos-to-be-validated, en:packaging-photo-to-be-selected, en:nutrition-photo-selected, en:ingredients-photo-to-be-selected, en:front-photo-selected, en:photos-uploaded",73.0,305.0,4.3,3.0,4.3,1.6,3.3,0.1,0.04
1137,2018-10-17T13:06:15Z,Baguette parisien,France,unknown,"en:to-be-completed, en:nutrition-facts-completed, en:ingredients-to-be-completed, en:expiration-date-to-be-completed, en:packaging-code-to-be-completed, en:characteristics-to-be-completed, en:origins-to-be-completed, en:categories-to-be-completed, en:brands-to-be-completed, en:packaging-to-be-completed, en:quantity-to-be-completed, en:product-name-completed, en:photos-to-be-validated, en:packaging-photo-to-be-selected, en:nutrition-photo-to-be-selected, en:ingredients-photo-selected, en:front-photo-selected, en:photos-uploaded",222.0,929.0,3.3,2.1,38.4,1.8,11.7,0.678,0.2712
114,2020-01-26T19:21:22Z,Chocolate n 3,France,unknown,"en:to-be-completed, en:nutrition-facts-completed, en:ingredients-to-be-completed, en:expiration-date-to-be-completed, en:packaging-code-to-be-completed, en:characteristics-to-be-completed, en:origins-to-be-completed, en:categories-to-be-completed, en:brands-completed, en:packaging-to-be-completed, en:quantity-completed, en:product-name-completed, en:photos-to-be-validated, en:packaging-photo-to-be-selected, en:nutrition-photo-selected, en:ingredients-photo-to-be-selected, en:front-photo-selected, en:photos-uploaded",,2415.0,44.0,28.0,30.0,27.0,7.1,0.025,0.01
1151,2018-09-25T13:50:04Z,&quot;Baguette Lyonnais&quot;,France,unknown,"en:to-be-completed, en:nutrition-facts-completed, en:ingredients-to-be-completed, en:expiration-date-to-be-completed, en:packaging-code-to-be-completed, en:characteristics-to-be-completed, en:origins-to-be-completed, en:categories-to-be-completed, en:brands-to-be-completed, en:packaging-to-be-completed, en:quantity-to-be-completed, en:product-name-completed, en:photos-to-be-validated, en:packaging-photo-to-be-selected, en:nutrition-photo-to-be-selected, en:ingredients-photo-selected, en:front-photo-selected, en:photos-uploaded",290.0,1213.0,9.4,4.5,41.0,2.0,12.5,0.9,0.36
1199,2018-02-05T12:26:34Z,Solène céréales poulet,France,unknown,"en:to-be-completed, en:nutrition-facts-completed, en:ingredients-to-be-completed, en:expiration-date-to-be-completed, en:packaging-code-to-be-completed, en:characteristics-to-be-completed, en:origins-to-be-completed, en:categories-to-be-completed, en:brands-completed, en:packaging-to-be-completed, en:quantity-to-be-completed, en:product-name-completed, en:photos-to-be-validated, en:packaging-photo-to-be-selected, en:nutrition-photo-selected, en:ingredients-photo-selected, en:front-photo-selected, en:photos-uploaded",219.0,916.0,5.9,0.5,30.3,1.7,9.7,0.464,0.1856
1281,2018-02-05T11:40:01Z,Tarte noix de coco,France,Pizza pies and quiches,"en:to-be-completed, en:nutrition-facts-completed, en:ingredients-to-be-completed, en:expiration-date-to-be-completed, en:packaging-code-to-be-completed, en:characteristics-to-be-completed, en:origins-to-be-completed, en:categories-completed, en:brands-completed, en:packaging-completed, en:quantity-to-be-completed, en:product-name-completed, en:photos-to-be-validated, en:packaging-photo-to-be-selected, en:nutrition-photo-to-be-selected, en:ingredients-photo-selected, en:front-photo-selected, en:photos-uploaded",381.0,1594.0,22.0,15.5,27.3,21.9,4.6,0.1,0.04
129,2020-09-16T15:02:50Z,Caramel au beurre salé,France,unknown,"en:to-be-completed, en:nutrition-facts-completed, en:ingredients-to-be-completed, en:expiration-date-to-be-completed, en:packaging-code-to-be-completed, en:characteristics-to-be-completed, en:origins-to-be-completed, en:categories-to-be-completed, en:brands-to-be-completed, en:packaging-to-be-completed, en:quantity-to-be-completed, en:product-name-completed, en:photos-to-be-validated, en:packaging-photo-to-be-selected, en:nutrition-photo-selected, en:ingredients-photo-to-be-selected, en:front-photo-selected, en:photos-uploaded",469.0,1962.0,25.0,4.9,58.0,44.0,0.8,0.5,0.2
1311,2018-03-07T10:50:00Z,Salade de fruits exotiques,France,unknown,"en:to-be-completed, en:nutrition-facts-completed, en:ingredients-to-be-completed, en:expiration-date-to-be-completed, en:packaging-code-to-be-completed, en:characteristics-to-be-completed, en:origins-to-be-completed, en:categories-to-be-completed, en:brands-to-be-completed, en:packaging-to-be-completed, en:quantity-to-be-completed, en:product-name-completed, en:photos-to-be-validated, en:packaging-photo-to-be-selected, en:nutrition-photo-to-be-selected, en:ingredients-photo-selected, en:front-photo-selected, en:photos-uploaded",100.0,418.0,0.0,0.0,24.0,23.0,0.0,3.2,1.28
1328,2018-07-30T20:26:18Z,Chouquettes x 30,France,unknown,"en:to-be-completed, en:nutrition-facts-completed, en:ingredients-to-be-completed, en:expiration-date-to-be-completed, en:packaging-code-to-be-completed, en:characteristics-to-be-completed, en:origins-to-be-completed, en:categories-to-be-completed, en:brands-to-be-completed, en:packaging-to-be-completed, en:quantity-to-be-completed, en:product-name-completed, en:photos-to-be-validated, en:packaging-photo-to-be-selected, en:nutrition-photo-to-be-selected, en:ingredients-photo-selected, en:front-photo-selected, en:photos-uploaded",157.0,657.0,21.0,12.0,39.0,20.0,7.8,1.5,0.6
1427,2019-02-15T11:55:27Z,Pain de maïs bio,France,unknown,"en:to-be-completed, en:nutrition-facts-to-be-completed, en:ingredients-to-be-completed, en:expiration-date-to-be-completed, en:packaging-code-to-be-completed, en:characteristics-to-be-completed, en:origins-to-be-completed, en:categories-to-be-completed, en:brands-to-be-completed, en:packaging-to-be-completed, en:quantity-to-be-completed, en:product-name-completed, en:photos-to-be-validated, en:packaging-photo-to-be-selected, en:nutrition-photo-to-be-selected, en:ingredients-photo-selected, en:front-photo-selected, en:photos-uploaded",,,,,,,,,
1526,2019-01-29T18:19:56Z,Tisane Cassis,France,unknown,"en:to-be-completed, en:nutrition-facts-to-be-completed, en:ingredients-to-be-completed, en:expiration-date-to-be-completed, en:packaging-code-to-be-completed, en:characteristics-to-be-completed, en:origins-to-be-completed, en:categories-to-be-completed, en:brands-to-be-completed, en:packaging-to-be-completed, en:quantity-to-be-completed, en:product-name-completed, en:photos-to-be-validated, en:packaging-photo-to-be-selected, en:nutrition-photo-to-be-selected, en:ingredients-photo-selected, en:front-photo-selected, en:photos-uploaded",,,,,,,,,
1564,2018-04-11T10:51:07Z,Fromage blanc pêche,France,unknown,"en:to-be-completed, en:nutrition-facts-completed, en:ingredients-to-be-completed, en:expiration-date-to-be-completed, en:packaging-code-to-be-completed, en:characteristics-to-be-completed, en:origins-to-be-completed, en:categories-to-be-completed, en:brands-to-be-completed, en:packaging-to-be-completed, en:quantity-to-be-completed, en:product-name-completed, en:photos-to-be-validated, en:packaging-photo-to-be-selected, en:nutrition-photo-to-be-selected, en:ingredients-photo-selected, en:front-photo-selected, en:photos-uploaded",98.0,410.0,3.3,3.3,7.6,7.5,4.6,0.027,0.0108
1663,2017-10-31T19:27:29Z,Crème dessert chocolat,France,unknown,"en:to-be-completed, en:nutrition-facts-completed, en:ingredients-completed, en:expiration-date-to-be-completed, en:packaging-code-to-be-completed, en:characteristics-to-be-completed, en:origins-to-be-completed, en:categories-to-be-completed, en:brands-completed, en:packaging-to-be-completed, en:quantity-to-be-completed, en:product-name-completed, en:photos-to-be-validated, en:packaging-photo-to-be-selected, en:nutrition-photo-to-be-selected, en:ingredients-photo-selected, en:front-photo-selected, en:photos-uploaded",0.0,0.0,0.0,0.0,0.0,0.0,0.0,0.0,0.0
1670,2018-10-25T14:39:39Z,Bouillie de sarrasin,France,unknown,"en:to-be-completed, en:nutrition-facts-to-be-completed, en:ingredients-to-be-completed, en:expiration-date-to-be-completed, en:packaging-code-to-be-completed, en:characteristics-to-be-completed, en:origins-to-be-completed, en:categories-to-be-completed, en:brands-to-be-completed, en:packaging-to-be-completed, en:quantity-to-be-completed, en:product-name-completed, en:photos-to-be-validated, en:packaging-photo-to-be-selected, en:nutrition-photo-to-be-selected, en:ingredients-photo-selected, en:front-photo-selected, en:photos-uploaded",,,,,,,,,
186,2020-04-10T11:45:29Z,Yaourt au chocolat,France,unknown,"en:to-be-completed, en:nutrition-facts-completed, en:ingredients-to-be-completed, en:expiration-date-to-be-completed, en:packaging-code-to-be-completed, en:characteristics-to-be-completed, en:origins-to-be-completed, en:categories-to-be-completed, en:brands-to-be-completed, en:packaging-to-be-completed, en:quantity-to-be-completed, en:product-name-completed, en:photos-to-be-validated, en:packaging-photo-to-be-selected, en:nutrition-photo-selected, en:ingredients-photo-to-be-selected, en:front-photo-selected, en:photos-uploaded",118.0,494.0,4.3,1.2,17.1,12.7,2.7,0.1,0.04
188,2022-04-03T10:26:31Z,Sablé aux pépites de chocolat,France,unknown,"en:to-be-completed, en:nutrition-facts-completed, en:ingredients-to-be-completed, en:expiration-date-to-be-completed, en:packaging-code-to-be-completed, en:characteristics-to-be-completed, en:origins-to-be-completed, en:categories-to-be-completed, en:brands-to-be-completed, en:packaging-to-be-completed, en:quantity-completed, en:product-name-completed, en:photos-to-be-validated, en:packaging-photo-to-be-selected, en:nutrition-photo-selected, en:ingredients-photo-to-be-selected, en:front-photo-selected, en:photos-uploaded",793.0,3318.0,21.7,15.0,66.3,32.1,6.8,0.68,0.272
1885,2017-11-20T12:18:57Z,Compote de poire,France,Fruits,"en:to-be-completed, en:nutrition-facts-completed, en:ingredients-to-be-completed, en:expiration-date-to-be-completed, en:packaging-code-to-be-completed, en:characteristics-to-be-completed, en:origins-to-be-completed, en:categories-completed, en:brands-completed, en:packaging-to-be-completed, en:quantity-to-be-completed, en:product-name-completed, en:photos-to-be-validated, en:packaging-photo-to-be-selected, en:nutrition-photo-selected, en:ingredients-photo-to-be-selected, en:front-photo-selected, en:photos-uploaded",157.0,657.0,0.0,0.0,36.0,27.0,0.6,0.0,0.0
2042,2018-04-12T10:17:30Z,Paëlla de poulet,France,unknown,"en:to-be-completed, en:nutrition-facts-completed, en:ingredients-to-be-completed, en:expiration-date-to-be-completed, en:packaging-code-to-be-completed, en:characteristics-to-be-completed, en:origins-to-be-completed, en:categories-to-be-completed, en:brands-to-be-completed, en:packaging-to-be-completed, en:quantity-to-be-completed, en:product-name-completed, en:photos-to-be-validated, en:packaging-photo-to-be-selected, en:nutrition-photo-to-be-selected, en:ingredients-photo-selected, en:front-photo-selected, en:photos-uploaded",153.0,640.0,9.1,2.5,9.2,0.9,8.3,2.8,1.12
2103,2018-10-15T18:52:04Z,Aiguillettes de poulet,France,Meat,"en:to-be-completed, en:nutrition-facts-to-be-completed, en:ingredients-to-be-completed, en:expiration-date-to-be-completed, en:packaging-code-completed, en:characteristics-to-be-completed, en:origins-to-be-completed, en:categories-completed, en:brands-to-be-completed, en:packaging-to-be-completed, en:quantity-to-be-completed, en:product-name-completed, en:photos-to-be-validated, en:packaging-photo-to-be-selected, en:nutrition-photo-to-be-selected, en:ingredients-photo-selected, en:front-photo-selected, en:photos-uploaded",,,,,,,,,
2219,2018-04-04T11:22:26Z,Salade shaker chef,France,unknown,"en:to-be-completed, en:nutrition-facts-completed, en:ingredients-to-be-completed, en:expiration-date-to-be-completed, en:packaging-code-to-be-completed, en:characteristics-to-be-completed, en:origins-to-be-completed, en:categories-to-be-completed, en:brands-to-be-completed, en:packaging-to-be-completed, en:quantity-to-be-completed, en:product-name-completed, en:photos-to-be-validated, en:packaging-photo-to-be-selected, en:nutrition-photo-to-be-selected, en:ingredients-photo-selected, en:front-photo-selected, en:photos-uploaded",72.0,301.0,2.2,0.5,5.2,1.2,7.0,0.18,0.072
2257,2018-03-08T10:48:42Z,Salade de macedoine de légumes,France,One-dish meals,"en:to-be-completed, en:nutrition-facts-completed, en:ingredients-to-be-completed, en:expiration-date-to-be-completed, en:packaging-code-to-be-completed, en:characteristics-to-be-completed, en:origins-to-be-completed, en:categories-completed, en:brands-to-be-completed, en:packaging-to-be-completed, en:quantity-to-be-completed, en:product-name-completed, en:photos-to-be-validated, en:packaging-photo-to-be-selected, en:nutrition-photo-to-be-selected, en:ingredients-photo-selected, en:front-photo-selected, en:photos-uploaded",143.0,598.0,12.7,1.0,3.9,1.0,1.9,0.27,0.108
2264,2018-02-12T12:52:40Z,Baguette Poitevin,France,unknown,"en:to-be-completed, en:nutrition-facts-completed, en:ingredients-completed, en:expiration-date-to-be-completed, en:packaging-code-to-be-completed, en:characteristics-to-be-completed, en:origins-to-be-completed, en:categories-to-be-completed, en:brands-completed, en:packaging-to-be-completed, en:quantity-to-be-completed, en:product-name-completed, en:photos-to-be-validated, en:packaging-photo-to-be-selected, en:nutrition-photo-selected, en:ingredients-photo-selected, en:front-photo-selected, en:photos-uploaded",207.0,866.0,6.7,3.8,27.5,0.6,8.9,0.4,0.16
2363,2018-10-15T11:35:06Z,Suedois thon,France,unknown,"en:to-be-completed, en:nutrition-facts-completed, en:ingredients-to-be-completed, en:expiration-date-to-be-completed, en:packaging-code-to-be-completed, en:characteristics-to-be-completed, en:origins-to-be-completed, en:categories-to-be-completed, en:brands-to-be-completed, en:packaging-to-be-completed, en:quantity-to-be-completed, en:product-name-completed, en:photos-to-be-validated, en:packaging-photo-to-be-selected, en:nutrition-photo-to-be-selected, en:ingredients-photo-selected, en:front-photo-selected, en:photos-uploaded",162.0,678.0,3.7,1.0,20.7,3.8,9.1,0.194,0.0776
